productId,slug,assetPath,sourceUrl,sourcePage,licenseStatus,notes
"ct-001","camisa-brasil-ii-2026-azul","/assets/products/ct-001/ct-001__camisa-brasil-ii-2026-azul__front__public-reference__v1.webp","https://acdn-us.mitiendanube.com/stores/006/483/329/products/1-3cb98540969290c6b417712661961091-1024-1024.webp","https://www.territoriodascamisas.com.br/produtos/copa-do-mundo-camisa-brasil-ii-copa-do-mundo-2026-torcedor-masculina-azul-pronta-entrega/","reference_public_page_noncommercial","Asset publico baixado para prototipo local sem fins comerciais; revisar licenca antes de uso comercial."
"ct-001","camisa-brasil-ii-2026-azul","/assets/products/ct-001/ct-001__camisa-brasil-ii-2026-azul__back__public-reference__v1.webp","https://acdn-us.mitiendanube.com/stores/006/483/329/products/2-d04f4821e2e72c268f17712661960849-1024-1024.webp","https://www.territoriodascamisas.com.br/produtos/copa-do-mundo-camisa-brasil-ii-copa-do-mundo-2026-torcedor-masculina-azul-pronta-entrega/","reference_public_page_noncommercial","Asset publico baixado para prototipo local sem fins comerciais; revisar licenca antes de uso comercial."
"ct-001","camisa-brasil-ii-2026-azul","/assets/products/ct-001/ct-001__camisa-brasil-ii-2026-azul__detail__public-reference__v1.webp","https://acdn-us.mitiendanube.com/stores/006/483/329/products/3-5c79b06fe0f7d95af417712661962833-1024-1024.webp","https://www.territoriodascamisas.com.br/produtos/copa-do-mundo-camisa-brasil-ii-copa-do-mundo-2026-torcedor-masculina-azul-pronta-entrega/","reference_public_page_noncommercial","Asset publico baixado para prototipo local sem fins comerciais; revisar licenca antes de uso comercial."
"ct-002","camisa-brasil-i-2026-amarela","/assets/products/ct-002/ct-002__camisa-brasil-i-2026-amarela__front__public-reference__v1.jpg","https://static.netshoes.com.br/produtos/camisa-brasil-nike-i-202627-fa-masculina/46/SGL-052E-046/SGL-052E-046_zoom1.jpg?ts=1776337483&ims=1088x","https://www.netshoes.com.br/p/camisa-brasil-nike-i-202627-fa-masculina-SGL-052E-046","alternate_public_page_noncommercial_official_retail_reference","Asset publico baixado para prototipo local sem fins comerciais; revisar licenca antes de uso comercial."
"ct-002","camisa-brasil-i-2026-amarela","/assets/products/ct-002/ct-002__camisa-brasil-i-2026-amarela__back__public-reference__v1.jpg","https://static.netshoes.com.br/produtos/camisa-brasil-nike-i-202627-fa-masculina/46/SGL-052E-046/SGL-052E-046_zoom2.jpg?ts=1776337483&ims=1088x","https://www.netshoes.com.br/p/camisa-brasil-nike-i-202627-fa-masculina-SGL-052E-046","alternate_public_page_noncommercial_official_retail_reference","Asset publico baixado para prototipo local sem fins comerciais; revisar licenca antes de uso comercial."
"ct-003","camisa-flamengo-i-2026","/assets/products/ct-003/ct-003__camisa-flamengo-i-2026__front__public-reference__v1.webp","https://acdn-us.mitiendanube.com/stores/006/483/329/products/flamengo-camisa-pronta-entrega-7-05ebcb9654dd4ea73417610241789852-1024-1024.webp","https://www.territoriodascamisas.com.br/produtos/camisa-flamengo-i-25-26-torcedor-adidas-masculina-pronta-entrega/","reference_public_page_noncommercial","Asset publico baixado para prototipo local sem fins comerciais; revisar licenca antes de uso comercial."
"ct-004","camisa-flamengo-ii-feminina-2026","/assets/products/ct-004/ct-004__camisa-flamengo-ii-feminina-2026__front__public-reference__v1.jpg","https://static.netshoes.com.br/produtos/camisa-flamengo-ii-2526-sn-torcedor-adidas-feminina/14/FBA-3567-014/FBA-3567-014_zoom1.jpg?ts=1778038257&ims=1088x","https://www.netshoes.com.br/p/camisa-flamengo-ii-2526-sn-torcedor-adidas-feminina-FBA-3567-014","alternate_public_page_noncommercial","Asset publico baixado para prototipo local sem fins comerciais; revisar licenca antes de uso comercial."
"ct-004","camisa-flamengo-ii-feminina-2026","/assets/products/ct-004/ct-004__camisa-flamengo-ii-feminina-2026__back__public-reference__v1.jpg","https://static.netshoes.com.br/produtos/camisa-flamengo-ii-2526-sn-torcedor-adidas-feminina/14/FBA-3567-014/FBA-3567-014_zoom2.jpg?ts=1778038257","https://www.netshoes.com.br/p/camisa-flamengo-ii-2526-sn-torcedor-adidas-feminina-FBA-3567-014","alternate_public_page_noncommercial","Asset publico baixado para prototipo local sem fins comerciais; revisar licenca antes de uso comercial."
"ct-005","camisa-sao-paulo-iii-2026-preta","/assets/products/ct-005/ct-005__camisa-sao-paulo-iii-2026-preta__front__public-reference__v1.webp","https://acdn-us.mitiendanube.com/stores/006/483/329/products/camisa-sao-paulo-preta-nova-comemorativa-2025-1-208fe81703b6a635e617610228393197-1024-1024.webp","https://www.territoriodascamisas.com.br/produtos/camisa-sao-paulo-iii-25-26-torcedor-new-balance-masculina-preta-comemorativa-pronta-entrega/","reference_public_page_noncommercial","Asset publico baixado para prototipo local sem fins comerciais; revisar licenca antes de uso comercial."
"ct-006","camisa-sao-paulo-i-feminina-2026","/assets/products/ct-006/ct-006__camisa-sao-paulo-i-feminina-2026__front__public-reference__v1.jpg","https://static.netshoes.com.br/produtos/camisa-sao-paulo-i-2526-torcedor-new-balance-feminina/24/39V-1637-024/39V-1637-024_zoom1.jpg?ts=1777628349&ims=1088x","https://www.netshoes.com.br/p/camisa-sao-paulo-i-2526-torcedor-new-balance-feminina-39V-1637-024","alternate_public_page_noncommercial","Asset publico baixado para prototipo local sem fins comerciais; revisar licenca antes de uso comercial."
"ct-006","camisa-sao-paulo-i-feminina-2026","/assets/products/ct-006/ct-006__camisa-sao-paulo-i-feminina-2026__back__public-reference__v1.jpg","https://static.netshoes.com.br/produtos/camisa-sao-paulo-i-2526-torcedor-new-balance-feminina/24/39V-1637-024/39V-1637-024_zoom2.jpg?ts=1777628349","https://www.netshoes.com.br/p/camisa-sao-paulo-i-2526-torcedor-new-balance-feminina-39V-1637-024","alternate_public_page_noncommercial","Asset publico baixado para prototipo local sem fins comerciais; revisar licenca antes de uso comercial."
"ct-007","camisa-palmeiras-i-feminina-2026","/assets/products/ct-007/ct-007__camisa-palmeiras-i-feminina-2026__front__public-reference__v1.jpg","https://static.netshoes.com.br/produtos/camisa-palmeiras-i-2526-sn-torcedor-puma-feminina/60/PI3-5671-060/PI3-5671-060_zoom1.jpg?ts=1776743341&ims=1088x","https://www.netshoes.com.br/p/camisa-palmeiras-i-2526-sn-torcedor-puma-feminina-PI3-5671-060","alternate_public_page_noncommercial","Asset publico baixado para prototipo local sem fins comerciais; revisar licenca antes de uso comercial."
"ct-007","camisa-palmeiras-i-feminina-2026","/assets/products/ct-007/ct-007__camisa-palmeiras-i-feminina-2026__back__public-reference__v1.jpg","https://static.netshoes.com.br/produtos/camisa-palmeiras-i-2526-sn-torcedor-puma-feminina/60/PI3-5671-060/PI3-5671-060_zoom2.jpg?ts=1776743341","https://www.netshoes.com.br/p/camisa-palmeiras-i-2526-sn-torcedor-puma-feminina-PI3-5671-060","alternate_public_page_noncommercial","Asset publico baixado para prototipo local sem fins comerciais; revisar licenca antes de uso comercial."
"ct-008","camisa-corinthians-i-feminina-2026","/assets/products/ct-008/ct-008__camisa-corinthians-i-feminina-2026__front__public-reference__v1.jpg","https://static.netshoes.com.br/produtos/camisa-nike-corinthians-i-202526-torcedora-pro-feminina/28/SGL-0181-028/SGL-0181-028_zoom1.jpg?ts=1773313237&ims=1088x","https://www.netshoes.com.br/p/camisa-nike-corinthians-i-202526-torcedora-pro-feminina-SGL-0181-028","alternate_public_page_noncommercial","Asset publico baixado para prototipo local sem fins comerciais; revisar licenca antes de uso comercial."
"ct-008","camisa-corinthians-i-feminina-2026","/assets/products/ct-008/ct-008__camisa-corinthians-i-feminina-2026__back__public-reference__v1.jpg","https://static.netshoes.com.br/produtos/camisa-nike-corinthians-i-202526-torcedora-pro-feminina/28/SGL-0181-028/SGL-0181-028_zoom2.jpg?ts=1773313237","https://www.netshoes.com.br/p/camisa-nike-corinthians-i-202526-torcedora-pro-feminina-SGL-0181-028","alternate_public_page_noncommercial","Asset publico baixado para prototipo local sem fins comerciais; revisar licenca antes de uso comercial."
"ct-009","camisa-fluminense-i-feminina-2026","/assets/products/ct-009/ct-009__camisa-fluminense-i-feminina-2026__front__public-reference__v1.jpg","https://static.netshoes.com.br/produtos/camisa-fluminense-i-2526-torcedor-umbro-feminina/89/2IB-1495-789/2IB-1495-789_zoom1.jpg?ts=1773286885&ims=1088x","https://www.netshoes.com.br/p/camisa-fluminense-i-2526-torcedor-umbro-feminina-2IB-1495-789","alternate_public_page_noncommercial","Asset publico baixado para prototipo local sem fins comerciais; revisar licenca antes de uso comercial."
"ct-009","camisa-fluminense-i-feminina-2026","/assets/products/ct-009/ct-009__camisa-fluminense-i-feminina-2026__back__public-reference__v1.jpg","https://static.netshoes.com.br/produtos/camisa-fluminense-i-2526-torcedor-umbro-feminina/89/2IB-1495-789/2IB-1495-789_zoom2.jpg?ts=1773286885","https://www.netshoes.com.br/p/camisa-fluminense-i-2526-torcedor-umbro-feminina-2IB-1495-789","alternate_public_page_noncommercial","Asset publico baixado para prototipo local sem fins comerciais; revisar licenca antes de uso comercial."
"ct-010","camisa-gremio-i-tricolor-2026","/assets/products/ct-010/ct-010__camisa-gremio-i-tricolor-2026__front__public-reference__v1.webp","https://acdn-us.mitiendanube.com/stores/006/483/329/products/camisa-gremio-tricolor-2025-2-2c7df6ae960eec3d8517606763561062-1024-1024.webp","https://www.territoriodascamisas.com.br/produtos/camisa-gremio-i-tricolor-25-26-sem-patrocinio-torcedor-masculino-pronta-entrega/","reference_public_page_noncommercial","Asset publico baixado para prototipo local sem fins comerciais; revisar licenca antes de uso comercial."
"ct-011","kit-internacional-infantil-2026","/assets/products/ct-011/ct-011__kit-internacional-infantil-2026__front__public-reference__v1.jpg","https://static.netshoes.com.br/produtos/kit-infantil-internacional-2627-sn-torcedor-adidas/16/FBA-83IE-016/FBA-83IE-016_zoom1.jpg?ts=1777530128&ims=1088x","https://www.netshoes.com.br/p/kit-infantil-internacional-2627-sn-torcedor-adidas-FBA-83IE-016","alternate_public_page_noncommercial","Asset publico baixado para prototipo local sem fins comerciais; revisar licenca antes de uso comercial."
"ct-012","camisa-napoli-i-2025","/assets/products/ct-012/ct-012__camisa-napoli-i-2025__front__public-reference__v1.jpeg","https://acdn-us.mitiendanube.com/stores/006/483/329/products/photoroom_000_20240720_022358-a9b54644369d0477dd17214531245402-1024-1024-41f6615c9872acdf8a17690565202794-1024-1024.jpeg","https://www.territoriodascamisas.com.br/produtos/camisa-napoli-i-24-25-torcedor-ea7-masculina-azul-com-detalhes-em-branco-pronta-entrega/","reference_public_page_noncommercial","Asset publico baixado para prototipo local sem fins comerciais; revisar licenca antes de uso comercial."
"ct-013","camisa-real-madrid-iii-2026-azul","/assets/products/ct-013/ct-013__camisa-real-madrid-iii-2026-azul__front__public-reference__v1.webp","https://acdn-us.mitiendanube.com/stores/006/483/329/products/real-1-5364e08f79c1b959a217630899167399-1024-1024.webp","https://www.territoriodascamisas.com.br/produtos/camisa-real-madrid-iii-25-26-torcedor-adidas-masculina-azul-pronta-entrega-9wpeh/","reference_public_page_noncommercial","Asset publico baixado para prototipo local sem fins comerciais; revisar licenca antes de uso comercial."
"ct-014","camisa-barcelona-i-2026","/assets/products/ct-014/ct-014__camisa-barcelona-i-2026__front__public-reference__v1.jpg","https://static.netshoes.com.br/produtos/camisa-barcelona-nike-i-202526-torcedor-pro-masculina/66/SGL-03M3-066/SGL-03M3-066_zoom1.jpg?ts=1777471381&ims=1088x","https://www.netshoes.com.br/p/camisa-barcelona-nike-i-202526-torcedor-pro-masculina-SGL-03M3-066","alternate_public_page_noncommercial","Asset publico baixado para prototipo local sem fins comerciais; revisar licenca antes de uso comercial."
"ct-015","camisa-manchester-city-i-2026","/assets/products/ct-015/ct-015__camisa-manchester-city-i-2026__front__public-reference__v1.jpg","https://static.netshoes.com.br/produtos/camisa-manchester-city-home-2526-sn-torcedor-puma-masculina/08/PI3-73PQ-008/PI3-73PQ-008_zoom1.jpg?ts=1778037084&ims=1088x","https://www.netshoes.com.br/p/camisa-manchester-city-home-2526-sn-torcedor-puma-masculina-PI3-73PQ-008","alternate_public_page_noncommercial","Asset publico baixado para prototipo local sem fins comerciais; revisar licenca antes de uso comercial."
"ct-017","camisa-psg-i-2026","/assets/products/ct-017/ct-017__camisa-psg-i-2026__front__public-reference__v1.jpg","https://static.netshoes.com.br/produtos/camisa-nike-paris-saint-germain-i-202526-torcedor-pro-masculina/08/SGL-03AR-008/SGL-03AR-008_zoom1.jpg?ts=1773028794&ims=1088x","https://www.netshoes.com.br/p/camisa-nike-paris-saintgermain-i-202526-torcedor-pro-masculina-SGL-03AR-008","alternate_public_page_noncommercial","Asset publico baixado para prototipo local sem fins comerciais; revisar licenca antes de uso comercial."
"ct-017","camisa-psg-i-2026","/assets/products/ct-017/ct-017__camisa-psg-i-2026__back__public-reference__v1.jpg","https://static.netshoes.com.br/produtos/camisa-nike-paris-saint-germain-i-202526-torcedor-pro-masculina/08/SGL-03AR-008/SGL-03AR-008_zoom2.jpg?ts=1773028794","https://www.netshoes.com.br/p/camisa-nike-paris-saintgermain-i-202526-torcedor-pro-masculina-SGL-03AR-008","alternate_public_page_noncommercial","Asset publico baixado para prototipo local sem fins comerciais; revisar licenca antes de uso comercial."
"ct-018","camisa-argentina-i-2026","/assets/products/ct-018/ct-018__camisa-argentina-i-2026__front__public-reference__v1.jpg","https://static.netshoes.com.br/produtos/camisa-selecao-argentina-home-torcedor-2026-sn-adidas-masculina/14/FBA-825C-014/FBA-825C-014_zoom1.jpg?ts=1778038606&ims=1088x","https://www.netshoes.com.br/p/camisa-selecao-argentina-home-torcedor-2026-sn-adidas-masculina-FBA-825C-014","alternate_public_page_noncommercial","Asset publico baixado para prototipo local sem fins comerciais; revisar licenca antes de uso comercial."
"ct-019","camisa-japao-i-2026","/assets/products/ct-019/ct-019__camisa-japao-i-2026__front__public-reference__v1.jpg","https://imgcentauro-a.akamaihd.net/1024x1024/9972OT05A13.jpg","https://www.centauro.com.br/camisa-selecao-do-japao-i-25-26-torcedor-adidas-masculina-9972OT.html","alternate_public_page_noncommercial","Asset publico baixado para prototipo local sem fins comerciais; revisar licenca antes de uso comercial."
"ct-020","camisa-al-hilal-i-2026","/assets/products/ct-020/ct-020__camisa-al-hilal-i-2026__front__public-reference__v1.jpg","https://static.netshoes.com.br/produtos/camisa-al-hilal-saudi-kidsuper-2526-jogador-puma-masculina/08/PI3-73QQ-008/PI3-73QQ-008_zoom1.jpg?ts=1777173793&ims=1088x","https://www.netshoes.com.br/p/camisa-alhilal-saudi-kidsuper-2526-jogador-puma-masculina-PI3-73QQ-008","alternate_public_page_noncommercial","Asset publico baixado para prototipo local sem fins comerciais; revisar licenca antes de uso comercial."
"ct-021","camisa-al-nassr-i-2026","/assets/products/ct-021/ct-021__camisa-al-nassr-i-2026__front__public-reference__v1.jpg","https://static.netshoes.com.br/produtos/camisa-al-nassr-home-2526-n-7-cristiano-ronaldo-torcedor-adidas-masculina/30/FBA-7822-030/FBA-7822-030_zoom1.jpg?ts=1776399738&ims=1088x","https://www.netshoes.com.br/p/camisa-alnassr-home-2526-n-7-cristiano-ronaldo-torcedor-adidas-masculina-FBA-7822-030","alternate_public_page_noncommercial","Asset publico baixado para prototipo local sem fins comerciais; revisar licenca antes de uso comercial."
"ct-022","camisa-inter-miami-i-2026","/assets/products/ct-022/ct-022__camisa-inter-miami-i-2026__front__public-reference__v1.jpg","https://static.netshoes.com.br/produtos/camisa-inter-miami-infantil-home-2526-sn-torcedor-adidas/18/FBA-3617-018/FBA-3617-018_zoom1.jpg?ts=1777355798&ims=1088x","https://www.netshoes.com.br/p/camisa-inter-miami-infantil-home-2526-sn-torcedor-adidas-FBA-3617-018","alternate_public_page_noncommercial","Asset publico baixado para prototipo local sem fins comerciais; revisar licenca antes de uso comercial."
"ct-023","camisa-portugal-i-2026","/assets/products/ct-023/ct-023__camisa-portugal-i-2026__front__public-reference__v1.jpg","https://static.netshoes.com.br/produtos/camisa-selecao-portugal-home-2526-sn-torcedor-puma-masculina/16/PI3-5546-016/PI3-5546-016_zoom1.jpg?ts=1776400765&ims=1088x","https://www.netshoes.com.br/p/camisa-selecao-portugal-home-2526-sn-torcedor-puma-masculina-PI3-5546-016","alternate_public_page_noncommercial","Asset publico baixado para prototipo local sem fins comerciais; revisar licenca antes de uso comercial."
"ct-023","camisa-portugal-i-2026","/assets/products/ct-023/ct-023__camisa-portugal-i-2026__back__public-reference__v1.jpg","https://static.netshoes.com.br/produtos/camisa-selecao-portugal-home-2526-sn-torcedor-puma-masculina/16/PI3-5546-016/PI3-5546-016_zoom2.jpg?ts=1776400765","https://www.netshoes.com.br/p/camisa-selecao-portugal-home-2526-sn-torcedor-puma-masculina-PI3-5546-016","alternate_public_page_noncommercial","Asset publico baixado para prototipo local sem fins comerciais; revisar licenca antes de uso comercial."
